{"loss": [2.4428083314145552], "_timestamp": 1594681635.224748, "epoch": 20, "_step": 19, "_runtime": 13784.102419137957}
