{"epoch": 20, "_timestamp": 1594846838.896517, "_step": 19, "loss": [3.7247594617702138], "_runtime": 13955.774110078812}
