{"_runtime": 14084.186804294586, "loss": [2.563541495968192], "epoch": 19, "_timestamp": 1594332239.4684002, "_step": 19}
