{"_timestamp": 1594586044.386553, "epoch": 9, "loss": [2.729368593994481], "_runtime": 6444.128201007843, "_step": 8}
