{"epoch": 20, "_timestamp": 1594765151.513064, "loss": [2.493918662495284], "_step": 19, "_runtime": 14819.394050121307}
